Time,Wrist_X,Wrist_Y
1.012,0.4309,0.7305
1.09,0.4322,0.738
1.125,0.4348,0.7462
1.157,0.4397,0.7457
1.209,0.4384,0.7513
1.236,0.4406,0.7514
1.266,0.4352,0.7496
1.294,0.428,0.7498
1.327,0.4282,0.7492
1.35,0.4202,0.7517
1.396,0.4106,0.7491
1.471,0.4001,0.742
1.497,0.404,0.7419
1.527,0.3911,0.736
1.556,0.391,0.7372
1.589,0.3786,0.7395
1.611,0.3774,0.7376
1.637,0.3753,0.7427
1.706,0.3001,0.806
1.733,0.2879,0.8019
1.762,0.2687,0.8023
1.786,0.2587,0.8072
1.832,0.2533,0.8116
1.87,0.2529,0.8166
1.899,0.2532,0.8251
1.932,0.2515,0.8346
1.959,0.2456,0.8442
1.994,0.245,0.8541
2.031,0.2446,0.8592
2.066,0.2445,0.8643
2.095,0.2459,0.8679
2.118,0.2458,0.8666
2.178,0.249,0.8652
2.208,0.2518,0.8648
2.239,0.2551,0.8594
2.264,0.257,0.857
2.298,0.26,0.8542
2.335,0.2575,0.8479
2.365,0.2605,0.845
2.396,0.2597,0.8423
2.421,0.2612,0.8427
2.45,0.265,0.844
2.514,0.2706,0.8483
2.542,0.2664,0.8465
2.57,0.2727,0.8502
2.601,0.2806,0.8535
2.635,0.2843,0.8526
2.669,0.2911,0.8518
2.701,0.2938,0.8494
2.735,0.2995,0.8494
2.759,0.3012,0.8499
2.787,0.311,0.853
2.853,0.3137,0.8526
2.88,0.3138,0.8505
2.912,0.3171,0.852
2.941,0.3182,0.8523
2.974,0.3208,0.8567
3.0,0.3182,0.8574
3.039,0.3168,0.8653
3.071,0.3154,0.8688
3.106,0.3136,0.8723
3.127,0.3072,0.8768
3.176,0.3009,0.8774
3.209,0.3009,0.8784
3.244,0.2998,0.8766
3.274,0.2938,0.8713
3.311,0.2894,0.8663
3.337,0.2924,0.8553
3.368,0.2994,0.8508
3.409,0.3073,0.841
3.439,0.3142,0.8427
3.468,0.3134,0.8431
3.52,0.3145,0.8308
3.554,0.314,0.8375
3.59,0.3119,0.8268
3.617,0.3037,0.8337
3.651,0.3019,0.8361
3.678,0.2981,0.8426
3.705,0.2834,0.857
3.737,0.2793,0.8609
3.763,0.279,0.8592
3.795,0.2832,0.8364
3.858,0.2738,0.8311
3.89,0.2767,0.8272
3.921,0.2727,0.8199
3.945,0.2598,0.8101
3.972,0.2742,0.8063
4.002,0.2596,0.8133
4.023,0.281,0.7776
4.055,0.2419,0.8177
4.08,0.2173,0.8354
4.116,0.1831,0.8112
4.145,0.1779,0.7791
4.187,0.1744,0.7531
4.221,0.1751,0.7411
4.244,0.1798,0.7411
4.276,0.1663,0.7636
4.319,0.1527,0.7893
4.347,0.1633,0.8048
4.374,0.1459,0.8233
4.409,0.1401,0.8277
4.444,0.1261,0.8413
4.473,0.1165,0.8499
4.529,0.1004,0.8665
4.554,0.0898,0.8903
4.588,0.0843,0.895
4.616,0.0766,0.9121
4.656,0.064,0.9288
4.685,0.061,0.9643
4.718,0.0651,0.9889
4.749,0.0882,1.0051
4.775,0.0762,1.0171
4.805,0.0932,1.0161
4.851,0.1117,1.014
4.899,0.1056,1.0223
4.933,0.1126,1.0083
4.969,0.1093,1.0082
5.008,0.1182,0.9994
5.044,0.1176,1.0055
5.069,0.1151,1.0075
5.096,0.1159,1.0118
5.124,0.1042,1.0144
5.143,0.1262,1.0147
5.201,0.1317,1.0023
6.13,0.1457,0.5937
6.159,0.1821,0.6061
6.187,0.1863,0.6354
6.208,0.183,0.6578
6.26,0.1848,0.6556
6.291,0.1955,0.6322
6.321,0.1912,0.6029
6.343,0.1975,0.6067
6.364,0.1306,0.5703
6.41,0.0954,0.5214
6.44,0.101,0.4477
6.47,0.1258,0.4176
6.506,0.1613,0.426
6.53,0.1746,0.4175
6.553,0.1952,0.4103
6.754,0.2109,0.6861
6.78,0.1767,0.7443
7.235,0.1904,0.8703
7.254,0.1652,0.8405
7.281,0.1447,0.8983
7.302,0.1269,0.9841
7.338,0.126,1.0041
7.367,0.0847,1.0236
7.418,0.0139,1.0465
7.449,0.0175,1.0944
7.481,-0.0309,1.1253
7.513,0.0414,1.1811
7.537,0.001,1.1847
7.565,0.0348,1.204
7.605,0.031,1.1982
7.632,0.0344,1.1874
7.657,0.043,1.1689
7.72,0.1201,1.1279
7.753,0.1358,1.0757
7.776,0.1431,1.0407
7.819,0.1432,1.0269
7.843,0.147,1.027
7.867,0.1486,1.03
7.907,0.1504,1.0438
7.936,0.1506,1.0335
7.957,0.1478,1.0469
8.013,0.161,1.0371
8.047,0.1629,1.0248
8.069,0.1719,0.9983
8.098,0.1743,0.9958
8.122,0.1733,0.9766
8.162,0.1852,0.9716
8.215,0.1853,0.976
8.243,0.1875,0.9736
8.264,0.1903,0.9718
8.304,0.1962,0.9679
8.333,0.203,0.966
8.353,0.2137,0.9595
8.421,0.2318,0.955
8.448,0.2373,0.9536
8.467,0.2477,0.9496
8.494,0.2508,0.9492
8.527,0.2603,0.9489
8.568,0.2665,0.9464
8.611,0.2697,0.9474
8.645,0.2707,0.9467
8.667,0.2718,0.9458
8.709,0.2705,0.9412
8.735,0.2729,0.9403
8.782,0.2663,0.938
8.82,0.2643,0.9363
8.851,0.2645,0.9356
8.88,0.261,0.9303
8.908,0.2626,0.9304
8.936,0.26,0.9246
8.969,0.2616,0.9202
9.017,0.2655,0.9186
9.049,0.2667,0.9186
9.077,0.2607,0.9071
9.105,0.2683,0.8798
9.131,0.2645,0.8767
9.179,0.265,0.8634
9.215,0.269,0.8572
9.248,0.2706,0.8606
9.282,0.2753,0.8453
9.306,0.2777,0.8426
9.331,0.2792,0.8422
9.367,0.2816,0.8398
9.417,0.2821,0.8401
9.449,0.2827,0.8387
9.48,0.2839,0.8378
9.524,0.2838,0.8378
9.551,0.2832,0.8381
9.572,0.2847,0.8392
9.599,0.2848,0.8382
9.623,0.2857,0.838
9.674,0.2865,0.8375
9.708,0.286,0.84
9.735,0.2858,0.84
9.769,0.2855,0.8392
9.811,0.2866,0.8392
9.832,0.284,0.8428
9.878,0.28,0.8378
9.9,0.2789,0.8405
9.935,0.2858,0.8391
9.973,0.2744,0.8524
10.004,0.2727,0.8604
10.035,0.2705,0.875
10.074,0.2605,0.8775
10.108,0.2537,0.8938
10.139,0.2399,0.9033
10.165,0.2326,0.9101
10.23,0.2304,0.9141
10.264,0.2319,0.9152
10.295,0.2342,0.9183
10.316,0.2339,0.919
10.343,0.2321,0.9204
10.374,0.2293,0.9204
10.404,0.2284,0.9194
10.443,0.2271,0.9211
10.471,0.2307,0.9258
10.493,0.2308,0.9258
10.521,0.2346,0.9255
10.586,0.2349,0.9301
10.636,0.2366,0.9304
10.662,0.2363,0.9314
10.682,0.2375,0.9327
10.709,0.2377,0.9326
10.734,0.2401,0.9342
10.777,0.2412,0.9367
10.805,0.2411,0.9382
10.843,0.2424,0.9374
10.88,0.2452,0.9387
10.912,0.2448,0.9391
10.934,0.2446,0.9384
10.981,0.2434,0.939
11.01,0.2429,0.9391
11.044,0.2413,0.9384
11.083,0.2411,0.9373
11.108,0.2412,0.9371
