Time,Left_Elbow_Angle,Right_Elbow_Angle
1.011,164.00,163.01
1.128,167.54,162.92
1.164,168.43,162.57
1.222,168.20,162.04
1.267,167.93,161.65
1.302,167.68,161.43
1.338,167.47,160.92
1.397,167.38,160.51
1.455,167.36,160.43
1.496,167.30,160.42
1.531,167.40,160.46
1.574,167.44,160.58
1.627,167.25,160.19
1.666,167.14,159.17
1.710,168.14,157.66
1.741,22.77,152.14
1.819,21.59,149.48
1.869,20.46,153.55
1.908,22.28,156.03
1.954,19.94,157.67
1.986,18.79,159.38
2.034,17.82,160.33
2.075,15.64,161.75
2.119,7.39,2.21
2.153,2.49,2.25
2.211,0.76,13.43
2.251,0.06,146.15
2.289,2.17,143.03
2.324,2.40,19.63
2.375,2.01,5.12
2.428,0.78,3.05
2.469,0.24,74.01
2.517,2.06,136.07
2.573,2.22,68.37
2.612,2.54,60.52
2.649,2.02,65.67
2.682,1.69,51.29
2.732,1.98,58.01
2.784,1.78,65.56
2.821,55.26,65.25
2.857,164.40,59.35
2.897,170.34,58.79
2.947,143.55,61.90
2.993,5.70,49.63
3.036,1.70,6.81
3.093,2.30,2.86
3.129,1.84,1.78
3.170,2.17,0.19
3.213,2.55,0.35
3.247,3.55,5.39
3.287,3.84,1.08
3.326,3.37,154.56
3.366,6.18,155.69
3.415,6.52,155.35
3.451,7.78,154.07
3.503,8.27,149.03
3.538,9.09,149.71
3.593,21.06,147.78
3.635,17.86,151.14
3.675,15.79,152.07
3.727,14.88,152.96
3.769,14.15,153.21
3.803,11.23,152.59
3.865,11.66,141.79
3.922,96.44,141.39
3.956,113.77,141.51
3.990,111.70,141.91
4.043,106.38,146.84
4.087,103.72,149.21
4.141,99.60,150.45
4.189,98.26,150.94
4.226,85.07,148.00
4.284,9.49,142.77
4.329,4.40,103.70
4.375,2.80,83.85
4.423,2.64,78.86
4.468,6.09,82.11
4.516,6.46,80.45
4.550,7.98,40.16
4.604,10.32,60.08
4.637,31.41,84.04
4.679,33.47,161.29
4.717,160.03,162.71
4.753,162.09,161.46
4.790,169.06,168.17
4.836,168.73,168.09
4.880,177.93,170.09
4.927,179.59,172.90
4.971,179.05,173.88
5.013,173.81,174.39
5.078,172.82,174.51
5.132,171.05,175.11
5.167,169.40,174.60
5.206,171.19,173.42
5.249,172.35,172.30
5.304,172.65,173.67
5.341,175.61,174.29
5.380,176.11,175.40
5.432,176.31,177.35
5.478,173.07,179.04
5.541,170.00,178.64
5.588,162.47,179.82
5.632,159.41,174.47
5.672,164.74,174.59
5.716,168.89,177.48
5.757,170.10,177.85
5.817,172.43,178.25
5.857,171.55,177.57
5.895,172.12,176.30
5.941,172.62,175.63
5.978,172.23,176.48
6.040,171.69,175.70
6.073,144.23,174.22
6.116,174.07,173.40
6.176,177.60,173.42
6.218,179.43,173.59
6.262,179.52,173.87
6.298,105.01,172.28
6.337,153.41,172.67
6.391,29.16,172.16
6.432,22.67,171.80
6.487,20.37,170.66
6.526,14.33,168.56
6.589,12.65,84.06
6.642,15.04,19.75
6.686,14.04,2.70
6.730,13.59,25.79
6.780,16.67,69.53
6.808,39.63,79.82
6.877,29.77,82.95
6.922,30.14,82.67
6.959,23.57,83.61
7.003,17.94,81.35
7.046,17.57,80.63
7.090,37.76,79.64
7.127,142.43,78.22
7.167,28.69,77.72
7.212,147.68,77.17
7.269,162.08,77.35
7.312,43.73,77.00
7.345,134.23,75.49
7.379,74.10,75.25
7.408,46.43,74.93
7.449,51.16,75.14
7.494,55.25,74.98
7.538,55.86,74.48
7.583,58.55,74.03
7.615,60.82,74.01
7.655,60.58,73.95
7.688,67.23,74.53
7.726,67.31,75.04
7.762,70.85,75.09
7.797,70.69,73.72
7.839,69.06,72.42
7.884,67.76,72.42
7.939,66.91,72.20
7.980,67.37,73.01
8.023,67.55,73.48
8.060,68.07,74.31
8.108,68.36,74.51
8.150,69.23,74.84
8.199,70.39,74.84
8.241,71.46,75.00
8.293,72.17,74.97
8.340,72.41,75.19
8.369,72.55,75.35
8.418,72.56,75.49
8.461,72.75,75.68
8.512,72.76,75.91
8.568,72.92,76.17
8.611,73.06,76.37
8.657,73.16,76.53
8.692,73.34,76.79
8.743,73.34,76.95
8.778,73.34,77.02
8.822,73.41,77.08
8.866,73.50,77.16
8.907,73.49,77.25
8.949,73.50,77.42
8.988,73.22,77.55
9.040,73.06,77.91
9.086,72.89,78.14
9.124,72.57,78.14
9.163,72.11,78.38
9.209,71.93,78.48
9.262,71.74,78.53
9.312,71.62,78.53
9.347,71.37,78.61
9.407,71.28,78.59
9.443,71.06,78.57
9.502,71.11,78.65
9.547,71.10,78.71
9.610,71.08,78.77
9.653,71.10,78.76
9.691,71.04,78.73
9.733,70.94,78.70
9.771,70.89,78.62
9.819,70.85,78.52
9.864,70.88,78.50
9.899,70.88,78.51
9.941,70.93,78.44
9.980,70.95,78.39
10.023,70.98,78.46
10.061,71.03,78.56
10.111,71.07,78.63
10.164,71.12,78.58
10.213,71.14,78.52
10.261,71.04,78.49
10.313,70.87,78.54
10.351,70.81,78.48
10.401,70.79,78.44
10.448,70.79,78.41
10.482,70.60,78.43
10.527,70.48,78.43
10.574,70.19,78.37
10.616,69.77,77.54
10.659,69.05,74.79
10.713,67.90,71.64
10.759,66.45,67.51
10.800,65.96,66.65
10.863,65.68,65.37
10.896,64.74,64.72
10.948,64.56,64.49
11.002,64.20,64.44
11.039,64.07,64.44
11.088,63.99,64.40
11.124,63.85,64.60
11.163,63.92,64.79
11.220,63.98,64.86
11.275,64.02,65.02
11.327,64.07,65.17
11.375,64.11,65.22
11.422,64.10,65.28
11.462,64.12,65.41
11.511,64.14,65.50
11.544,64.16,65.63
11.586,64.17,65.68
11.628,64.16,65.73
11.673,64.11,65.67
11.716,64.06,65.45
11.752,63.94,65.15
11.791,63.76,64.99
11.833,63.66,64.99
11.873,63.63,64.99
11.927,63.88,65.82
11.968,64.13,67.13
12.021,64.31,67.78
12.074,64.47,68.73
12.111,64.50,73.22
12.154,64.36,76.71
12.191,64.78,78.09
12.241,64.87,78.89
12.280,64.91,79.06
12.320,64.89,79.34
12.368,64.89,79.56
12.423,64.92,79.58
12.466,64.95,79.76
12.508,64.82,80.23
12.559,64.74,80.79
12.602,64.65,81.00
12.645,64.55,81.15
12.689,64.48,81.21
12.735,64.50,81.05
12.769,64.52,80.95
12.810,64.53,80.94
12.855,64.57,81.39
12.905,64.89,81.84
12.948,65.35,82.64
12.990,65.56,82.87
13.071,65.66,83.34
13.115,65.74,83.67
13.173,65.76,83.79
13.223,65.69,84.18
13.278,65.66,84.30
13.322,65.56,84.19
13.353,65.48,84.09
13.395,65.73,83.81
13.427,65.75,83.45
13.458,65.78,83.19
13.511,65.67,83.05
13.565,65.69,82.96
13.603,65.23,83.51
13.653,64.91,83.37
13.696,64.04,83.15
13.734,63.67,82.83
13.772,62.98,82.17
13.835,62.43,90.93
13.886,62.09,103.05
13.925,61.43,94.09
13.964,59.41,87.52
14.009,59.58,85.09
14.047,60.35,86.65
14.128,61.87,84.18
14.193,61.90,83.63
14.229,62.99,89.86
14.270,63.75,87.53
14.313,62.28,84.26
14.353,120.97,83.26
14.396,19.17,82.82
14.431,132.14,82.88
14.464,36.18,82.04
14.512,47.73,81.42
14.543,38.19,81.41
14.590,60.97,83.08
14.626,52.86,83.81
14.667,113.30,84.25
14.718,100.08,84.64
14.755,114.90,85.00
14.787,116.54,84.99
14.829,95.86,84.71
14.862,78.08,84.43
14.911,105.05,83.33
14.971,96.12,82.63
15.006,74.78,82.08
15.065,64.06,81.65
15.104,67.12,82.04
15.146,142.37,83.10
15.194,148.56,83.75
15.247,150.05,83.61
15.282,142.88,83.39
15.321,152.87,83.25
15.368,156.46,83.37
15.409,144.74,82.85
15.443,144.98,83.07
15.480,81.32,82.95
15.519,88.30,82.48
15.566,95.37,82.42
15.598,95.55,82.38
15.641,126.53,83.27
15.696,129.57,83.67
15.731,120.43,82.97
15.781,112.53,83.70
15.826,133.99,82.21
15.865,128.15,81.44
15.898,126.23,80.91
15.939,93.13,80.13
15.978,91.79,81.42
16.022,103.53,81.27
16.074,110.19,81.70
16.122,140.59,81.84
16.172,145.03,81.72
16.232,149.79,87.61
16.268,110.64,172.44
16.330,92.40,130.24
16.369,75.81,123.22
16.400,97.28,110.23
16.445,62.79,76.25
16.493,73.35,135.56
16.539,165.20,169.39
16.582,166.99,146.80
16.628,74.53,165.29
16.670,63.11,139.08
16.711,62.69,137.51
16.747,61.02,146.89
16.795,61.79,116.82
16.838,60.44,124.01
16.881,58.88,97.50
16.931,55.95,98.59
16.978,54.05,91.54
17.044,51.58,80.43
17.086,50.81,80.60
17.120,51.83,67.91
17.156,53.91,71.21
17.208,57.19,75.10
17.247,59.10,73.73
17.285,60.96,79.38
17.343,61.85,83.73
17.397,61.85,82.53
17.445,61.36,106.87
17.491,61.02,108.19
17.541,60.45,113.20
17.580,61.06,103.28
17.625,61.17,97.23
17.687,61.08,109.69
17.732,61.95,109.57
17.775,63.00,89.34
17.807,63.24,76.96
17.853,63.54,68.81
17.909,65.00,123.84
17.945,65.26,81.48
17.982,65.95,144.31
18.016,66.88,176.99
18.052,66.88,67.95
18.105,68.16,80.01
18.146,68.73,172.45
18.197,70.31,167.27
18.236,71.91,165.91
18.296,71.44,169.09
18.346,71.36,170.82
18.389,71.17,169.86
18.434,70.63,166.96
18.466,70.43,162.00
18.512,70.15,162.24
18.550,69.87,162.62
18.595,69.02,166.67
18.635,68.48,166.79
18.684,68.37,162.21
18.725,68.29,161.96
18.757,68.67,164.29
18.802,69.20,166.79
18.845,69.65,171.11
18.888,69.28,175.58
18.938,69.01,79.09
18.978,69.63,87.73
19.021,69.78,163.02
19.076,70.75,69.31
19.108,70.70,59.08
19.159,71.35,63.82
19.216,71.35,79.83
19.252,70.78,77.52
19.292,70.77,89.05
19.339,70.74,92.43
19.382,71.79,80.96
19.441,72.26,95.03
19.484,72.28,94.81
19.520,72.65,101.02
19.567,73.30,101.82
19.618,73.20,94.81
19.669,73.23,92.32
19.706,73.65,88.82
19.747,74.16,87.91
19.793,82.96,95.61
19.842,85.49,90.16
19.880,86.78,98.06
19.915,85.95,95.69
19.961,86.34,87.09
20.014,87.03,87.35
20.053,89.13,93.63
20.094,91.13,100.34
20.137,91.09,100.50
20.183,93.46,102.36
20.219,94.28,101.99
20.275,96.30,106.36
20.310,96.17,107.59
20.355,96.97,107.09
20.405,96.40,106.85
20.453,96.19,107.15
20.505,95.71,107.25
20.552,95.68,105.15
20.589,95.64,105.44
20.641,94.68,105.36
20.673,94.22,105.50
20.709,94.01,105.19
20.764,93.37,105.52
20.808,93.12,105.45
20.840,92.48,105.03
20.888,91.85,104.89
20.919,91.56,104.82
20.959,90.92,104.15
21.007,90.79,103.42
21.049,89.54,102.99
21.088,87.94,102.49
21.148,85.69,101.27
21.198,84.61,100.84
21.255,83.51,98.14
21.299,81.47,100.14
21.340,80.88,100.35
21.374,80.60,103.91
21.415,77.53,164.52
21.467,54.76,56.30
21.519,38.93,57.08
21.563,21.12,32.61
21.607,20.77,25.34
21.655,164.84,5.02
21.704,170.41,8.31
21.749,157.64,152.26
21.789,157.95,159.95
21.837,143.80,161.61
21.874,141.72,161.98
21.918,144.98,162.76
21.953,140.38,164.25
22.007,137.45,164.74
22.045,149.42,168.81
22.091,158.37,167.93
22.147,168.16,168.01
22.193,152.02,169.38
22.266,160.89,178.35
22.313,161.62,171.35
22.359,161.78,165.56
22.399,162.15,164.59
22.453,164.31,164.98
22.491,166.08,165.95
22.534,166.35,164.28
22.571,166.23,173.93
22.626,165.81,175.10
22.665,165.95,173.36
22.720,166.00,171.13
22.761,166.03,170.85
22.798,165.49,170.24
22.829,163.80,20.87
22.867,163.04,88.00
22.916,164.95,162.93
22.957,165.93,172.26
22.999,165.90,170.72
23.036,164.69,165.14
23.089,163.90,159.71
23.128,164.16,164.65
23.167,163.55,162.31
