Time,Left_Knee_Angle,Right_Knee_Angle
1.113,177.08,177.57
1.255,177.06,177.56
1.422,7.95,131.63
2.623,167.55,169.46
2.702,173.66,175.42
2.769,178.43,174.59
2.847,179.37,173.13
2.927,179.23,169.52
3.019,178.41,165.82
3.078,178.35,168.3
3.152,179.49,169.32
3.236,179.3,169.06
3.316,178.67,170.17
3.395,178.04,170.39
3.471,179.33,171.49
3.552,172.67,171.23
3.633,170.7,171.79
6.433,161.57,71.57
6.515,133.85,50.79
6.592,41.35,60.23
6.674,40.83,47.16
6.736,134.45,164.65
6.895,174.82,178.73
6.977,175.48,178.27
7.056,175.71,179.18
7.136,175.36,177.97
7.236,177.5,179.33
7.315,178.88,179.63
7.392,178.52,177.58
7.455,178.15,175.16
7.537,177.65,175.27
7.625,178.08,176.03
7.679,177.77,178.48
7.759,177.46,178.86
7.84,178.02,179.6
7.921,178.08,179.61
7.984,179.6,179.23
8.038,179.28,177.23
8.081,179.44,177.38
8.142,179.35,177.88
8.223,179.83,176.76
8.279,179.88,176.85
8.351,179.21,176.38
8.431,177.76,176.29
8.512,177.61,177.1
8.592,178.21,176.63
8.672,178.21,177.5
8.752,177.63,178.5
8.826,177.7,179.83
8.912,177.25,179.79
8.979,177.18,179.67
9.055,177.58,179.64
9.139,179.8,179.67
9.227,179.39,179.02
9.307,172.57,178.53
9.389,163.85,177.05
9.459,137.86,177.8
9.54,135.48,178.88
9.615,112.41,179.28
9.695,100.29,177.62
9.776,100.1,177.07
9.839,98.57,177.77
9.902,102.05,177.2
9.985,102.78,177.58
10.063,103.06,177.58
10.154,102.57,177.67
10.232,106.89,177.6
10.301,119.08,178.29
10.376,130.77,179.31
10.432,133.22,179.4
10.514,145.37,178.73
10.601,154.4,179.0
10.671,155.46,178.63
10.72,163.54,178.52
10.785,167.17,178.4
10.85,168.22,178.86
10.93,170.19,178.5
11.008,170.16,178.4
11.088,172.8,178.92
11.151,173.46,178.52
11.215,174.88,178.17
11.272,176.73,176.85
11.327,176.27,177.77
11.374,175.81,177.86
11.429,175.83,177.86
11.487,174.47,177.92
11.551,173.83,178.16
11.609,169.43,177.82
11.679,166.78,177.45
11.727,143.14,176.58
11.792,131.59,176.2
11.837,128.8,176.63
11.887,123.93,176.78
11.962,117.73,177.06
12.033,110.93,177.09
12.079,106.44,178.14
12.113,105.07,179.09
12.167,94.76,178.95
12.215,95.3,179.73
12.305,94.13,179.73
12.381,96.22,179.82
12.452,101.43,179.73
12.532,105.52,179.35
12.608,127.99,179.25
12.688,149.77,178.15
12.751,153.78,177.37
12.832,169.94,178.26
12.911,176.87,178.91
12.991,177.75,179.33
13.061,178.26,179.33
13.135,179.24,179.71
13.216,178.76,179.53
13.296,179.74,179.04
13.386,179.77,179.49
13.457,176.94,179.49
13.551,174.14,179.46
13.633,174.14,178.99
13.698,172.25,179.14
13.789,170.32,179.18
13.86,163.4,179.34
13.952,159.89,179.57
14.016,158.04,178.32
14.097,148.36,178.13
14.191,144.75,178.52
14.272,66.3,178.01
14.336,104.74,177.99
14.415,172.31,179.67
14.497,168.62,179.2
14.576,179.18,177.29
14.667,154.97,175.42
14.751,25.05,179.33
14.832,163.94,179.69
14.911,140.35,172.16
14.996,139.57,169.09
15.071,135.98,166.62
15.169,135.85,167.76
15.249,145.2,168.69
15.336,143.82,171.72
15.409,155.71,172.61
15.488,158.32,173.53
15.553,166.35,175.68
15.637,171.23,177.81
15.723,171.79,178.79
15.793,175.83,179.22
15.858,177.19,179.37
15.937,175.69,179.11
16.015,175.75,179.64
16.095,172.5,177.23
16.161,172.98,178.73
16.255,174.33,178.22
16.335,176.55,178.83
16.402,174.02,173.93
16.48,173.38,167.35
16.58,173.59,164.81
16.66,175.31,146.91
16.723,175.49,137.49
16.77,175.89,136.35
16.849,175.86,124.46
16.927,175.21,122.19
16.999,175.72,129.71
17.071,174.86,131.82
17.152,175.6,141.22
17.216,175.99,150.15
17.295,176.41,152.54
17.377,176.23,163.16
17.455,175.36,170.22
17.54,174.92,172.03
17.615,175.84,175.62
17.696,175.87,177.38
17.776,175.42,176.02
17.856,175.83,174.69
17.938,174.92,171.98
18.017,174.27,151.12
18.08,175.75,135.64
18.122,176.78,132.04
18.193,177.92,119.72
18.255,178.39,117.57
18.302,177.53,88.56
18.371,178.66,78.52
18.449,178.13,78.64
18.495,179.73,69.46
18.544,178.36,64.34
18.623,178.34,65.12
18.716,177.2,55.33
18.783,177.27,53.97
18.873,177.27,60.38
18.945,177.63,65.37
19.023,178.05,65.59
19.102,179.6,82.4
19.183,179.76,87.14
19.249,178.8,122.06
19.328,176.79,136.49
19.395,176.1,146.16
19.505,176.04,156.1
19.606,175.9,167.13
19.68,176.81,167.08
19.761,176.62,168.39
19.845,175.64,167.22
19.931,175.91,160.08
20.006,173.75,156.04
20.088,173.67,153.88
20.16,173.51,150.5
20.246,173.52,153.53
20.348,174.94,153.93
20.432,175.32,145.67
20.481,176.22,156.5
20.521,177.95,152.71
20.591,177.59,149.56
20.67,178.52,153.96
20.727,178.93,152.36
20.821,179.9,161.64
20.902,178.96,164.91
20.976,178.36,169.9
21.055,177.49,170.57
21.137,177.59,172.34
21.218,177.62,175.13
21.295,177.9,178.65
21.377,176.86,179.99
21.455,176.99,179.94
21.519,176.99,179.28
21.61,177.51,178.85
21.683,177.97,178.92
21.759,177.63,178.94
21.856,177.96,178.98
21.956,176.67,178.48
22.032,176.22,177.19
22.096,175.62,178.4
22.159,174.33,179.19
22.239,172.49,179.18
22.32,174.47,177.44
22.401,173.86,177.36
22.495,172.68,177.77
22.56,175.26,179.04
22.609,177.59,176.71
22.664,176.02,177.64
22.749,178.2,178.13
22.832,171.79,177.54
22.883,167.85,178.01
22.959,172.31,177.95
23.023,179.85,177.58
23.104,169.39,178.27
23.184,165.7,178.23
23.266,170.56,178.51
23.348,170.87,178.65
23.432,171.94,178.92
23.504,173.76,179.38
23.583,177.18,178.3
23.665,175.83,176.16
23.727,175.87,175.27
23.79,176.9,169.36
23.855,174.92,157.46
23.937,173.91,157.83
24.019,170.68,134.53
24.098,167.51,106.92
24.175,164.47,99.43
24.255,164.46,97.81
24.368,164.37,103.2
24.418,163.17,136.88
24.48,165.43,152.44
24.528,168.0,156.33
24.607,169.05,164.15
24.696,170.28,165.02
24.768,167.16,173.01
24.855,141.01,178.11
24.944,123.36,177.88
25.043,121.48,177.98
25.12,79.04,176.94
25.185,116.35,81.1
25.282,63.48,156.56
25.359,72.03,119.95
25.402,90.21,168.07
25.455,108.43,174.99
25.535,113.43,177.32
26.249,57.11,173.7
26.32,136.57,91.49
26.7,172.95,140.84
26.771,164.96,172.87
26.847,171.53,169.4
26.927,169.26,169.94
26.993,169.29,172.77
27.085,171.31,169.67
27.152,171.77,169.92
27.203,164.82,169.92
27.283,161.47,168.53
27.349,139.47,172.32
27.393,131.0,176.73
27.459,131.81,177.16
27.552,117.42,176.11
27.632,110.33,175.66
27.699,113.94,175.34
27.776,117.45,175.43
27.86,129.39,176.23
27.936,152.24,175.89
28.015,156.63,175.85
28.1,173.03,176.18
28.178,178.14,173.47
28.241,177.83,174.47
28.305,178.3,174.38
28.366,178.53,170.6
28.433,179.47,167.84
28.511,178.71,168.37
28.592,177.76,164.39
28.662,177.89,164.23
28.713,178.6,162.74
28.752,179.2,170.44
28.82,179.42,177.65
28.904,178.03,173.54
28.976,179.86,140.27
29.018,179.02,132.47
29.071,179.69,132.75
29.133,178.2,135.81
29.199,177.91,137.51
29.282,177.37,147.36
29.363,177.53,155.31
29.443,178.59,160.62
29.52,178.64,169.51
29.584,176.66,174.2
29.634,176.84,175.65
29.684,175.55,177.47
29.792,169.65,178.98
29.887,165.4,178.29
29.96,132.44,175.08
30.001,126.18,173.11
30.079,135.46,174.32
30.164,137.58,175.43
30.225,120.94,175.12
30.29,130.99,175.45
30.375,116.6,176.18
30.454,98.66,164.85
30.531,125.76,159.76
30.607,128.62,158.66
30.689,136.16,161.29
30.768,141.22,167.3
30.847,152.31,169.27
30.928,159.32,169.58
30.992,168.93,170.21
31.071,172.64,170.0
31.168,174.64,169.81
31.246,176.02,167.75
31.314,173.09,76.0
31.393,173.18,4.75
31.487,172.14,3.48
31.587,174.54,5.46
31.667,175.71,7.37
31.743,176.95,176.7
31.808,177.32,177.03
31.903,175.98,177.33
31.981,177.95,177.99
32.047,177.95,177.96
32.123,177.54,177.51
32.191,178.17,179.04
32.279,179.13,177.0
32.351,178.27,176.93
32.398,178.02,174.88
32.479,178.6,174.08
32.56,178.75,173.73
32.644,179.21,169.37
32.729,176.76,167.09
32.8,178.09,171.07
32.88,179.55,173.1
33.344,134.81,94.09
