Time,Left_Shoulder_Angle,Right_Shoulder_Angle
1.036,36.33,19.07
1.17,37.45,20.56
1.211,41.53,21.5
1.253,47.81,20.94
1.302,45.47,21.21
1.341,44.15,21.31
1.395,43.42,21.56
1.437,43.04,21.54
1.487,42.54,22.59
1.536,43.54,23.23
1.585,44.06,23.87
1.623,42.27,23.87
1.667,42.46,23.82
1.705,42.4,23.94
1.76,41.34,23.73
1.792,41.19,23.97
1.826,41.07,24.1
1.868,41.69,24.55
1.918,39.79,24.67
1.965,38.3,24.99
2.025,37.82,24.88
2.064,37.77,27.68
2.12,37.58,31.32
2.181,40.08,37.34
2.228,41.53,36.16
2.27,40.44,37.55
2.306,39.78,34.45
2.351,36.98,32.63
2.392,34.0,29.02
2.444,30.3,29.3
2.482,34.12,27.86
2.523,33.73,28.67
2.566,38.14,28.93
2.601,25.57,27.26
2.65,29.12,25.8
2.702,28.54,24.35
2.751,28.73,22.84
2.787,29.69,21.42
2.836,33.51,22.28
2.873,37.68,25.78
2.934,53.78,28.18
2.995,55.91,39.48
3.035,56.83,40.49
3.079,42.7,38.15
3.131,36.64,35.93
3.175,32.27,37.06
3.21,31.0,35.84
3.251,28.19,34.65
3.287,27.69,32.84
3.324,28.34,31.71
3.384,28.6,34.54
3.417,33.01,36.38
3.464,35.12,33.4
3.505,35.69,32.51
3.544,35.42,31.49
3.611,34.72,32.11
3.655,37.01,25.83
3.712,40.1,23.15
3.755,44.93,19.5
3.798,42.23,19.64
3.858,41.42,16.31
3.901,35.18,20.02
3.942,36.6,21.85
3.994,43.48,23.02
4.038,44.2,22.48
4.075,32.81,23.22
4.121,33.61,22.35
4.165,31.48,21.62
4.204,33.53,23.93
4.249,27.87,25.15
4.303,25.35,24.91
4.344,27.11,25.32
4.394,27.52,25.6
4.429,27.55,25.1
4.481,26.72,25.05
4.524,25.29,25.16
4.569,25.58,25.86
4.609,27.45,24.96
4.65,24.21,25.36
4.694,22.73,25.1
4.726,21.28,24.69
4.775,23.1,24.13
4.829,24.58,22.45
4.864,27.35,20.72
4.908,29.97,20.96
4.951,33.16,21.42
4.998,34.59,27.01
5.042,35.79,31.32
5.08,31.45,30.02
5.136,36.02,34.95
5.199,36.03,32.5
5.259,33.95,30.97
5.3,34.39,29.84
5.345,32.3,25.42
5.394,30.36,21.84
5.43,26.89,20.36
5.476,27.1,19.21
5.533,26.8,19.12
5.571,25.83,17.77
5.602,26.51,16.15
5.653,27.28,17.14
5.708,29.08,17.32
5.751,30.81,17.73
5.79,30.39,18.62
5.835,29.4,19.21
5.882,28.16,19.38
5.942,27.55,18.69
5.983,26.05,17.8
6.024,24.49,18.57
6.078,26.47,21.9
6.124,27.78,21.64
6.172,27.82,21.29
6.223,28.8,21.93
6.269,28.82,22.71
6.314,32.0,22.46
6.353,33.89,22.26
6.397,33.34,23.28
6.452,31.29,23.98
6.491,31.1,24.29
6.541,27.59,25.26
6.586,27.81,25.06
6.624,27.51,25.1
6.664,29.42,25.53
6.698,29.0,27.69
6.728,28.85,24.65
6.77,29.07,25.47
6.802,30.22,25.82
6.844,29.9,26.37
6.888,28.71,25.87
6.931,34.39,24.87
6.999,46.49,26.34
7.049,55.07,34.5
7.095,53.72,37.86
7.134,53.76,36.22
7.18,52.7,38.41
7.225,52.83,41.67
7.27,50.93,40.68
7.315,51.28,41.54
7.356,51.27,43.8
7.391,49.07,44.36
7.435,48.3,38.88
7.48,47.49,45.38
7.537,46.76,48.6
7.574,44.86,48.37
7.611,44.23,49.3
7.657,43.82,49.65
7.705,44.34,44.81
7.739,43.0,41.55
7.795,42.55,40.17
7.833,42.17,41.74
7.89,43.12,39.3
7.938,44.46,38.17
7.982,44.41,37.99
8.019,42.97,41.22
8.062,42.65,43.61
8.105,41.75,40.75
8.144,41.33,38.92
8.215,40.48,37.69
8.252,40.26,37.02
8.292,40.0,36.14
8.338,39.8,34.43
8.374,41.13,33.57
8.407,41.02,33.5
8.454,40.23,32.23
8.487,39.49,31.72
8.541,39.72,32.13
8.587,38.14,31.2
8.623,37.45,32.01
8.663,37.06,31.6
8.705,37.2,31.15
8.768,37.57,30.75
8.813,37.39,30.79
8.881,37.35,31.05
8.918,35.9,31.42
8.962,35.91,30.48
8.995,35.87,30.61
9.034,36.8,30.25
9.068,37.05,29.74
9.11,36.69,29.55
9.154,35.66,30.41
9.207,35.64,30.26
9.247,34.97,31.65
9.303,34.69,31.08
9.352,36.09,31.76
9.4,37.16,32.56
9.438,39.09,34.11
9.484,40.72,35.94
9.528,39.74,36.63
9.569,40.59,36.68
9.608,41.86,34.96
9.657,39.59,34.25
9.694,38.01,35.47
9.737,36.95,35.06
9.789,40.64,33.97
9.828,39.95,33.19
9.871,38.57,32.71
9.904,32.53,32.28
9.937,33.04,32.84
9.972,31.55,34.24
10.017,30.26,34.51
10.058,34.16,35.27
10.094,29.87,37.37
10.13,28.26,40.68
10.179,28.29,41.92
10.218,30.72,42.61
10.266,30.8,42.05
10.307,34.65,45.17
10.348,34.84,56.75
10.391,36.24,106.36
10.425,35.79,61.2
10.462,35.01,62.46
10.505,35.9,57.83
10.541,35.01,53.73
10.585,34.98,48.02
10.638,35.98,51.25
10.671,37.39,51.71
10.706,38.86,51.18
10.741,39.56,50.73
10.775,40.33,50.03
10.81,37.18,50.66
10.86,39.68,47.47
10.907,42.6,52.37
10.942,41.29,48.5
11.004,41.67,51.58
11.042,42.49,50.15
11.087,41.26,51.64
11.13,41.44,51.99
11.179,40.44,52.91
11.22,37.66,52.33
11.267,36.11,49.19
11.318,31.43,51.47
11.358,30.58,56.08
11.395,29.81,55.54
11.461,29.3,51.04
11.515,29.1,44.97
11.557,27.9,37.57
11.595,25.83,36.63
11.644,28.65,28.31
11.691,30.35,24.38
11.729,31.61,23.17
11.767,32.6,20.71
11.813,28.98,21.35
11.86,27.39,23.82
11.899,26.4,24.08
11.951,25.22,22.1
11.987,24.51,21.63
12.029,23.13,22.89
12.076,30.51,20.76
12.116,34.41,17.79
12.157,39.03,28.65
12.199,42.37,27.08
12.248,44.28,27.01
12.285,42.91,28.17
12.334,44.89,28.37
12.376,42.0,24.28
12.409,38.19,21.86
12.458,32.47,19.0
12.489,24.85,19.61
12.531,23.09,20.04
12.582,25.24,19.34
12.631,27.05,18.87
12.668,27.58,19.58
12.718,33.74,19.96
12.755,34.81,19.62
12.792,26.9,18.91
12.834,31.81,20.37
12.877,33.67,20.72
12.935,35.99,24.79
12.982,37.35,22.65
13.019,33.83,23.78
13.06,30.35,25.14
13.096,27.86,25.59
13.137,26.97,26.41
13.181,25.19,25.25
13.22,24.14,24.14
13.261,23.26,24.15
13.328,22.6,25.94
13.378,21.76,24.58
13.431,21.57,26.07
13.468,23.06,27.09
13.514,22.93,27.01
13.557,24.4,25.77
13.598,23.74,26.27
13.631,21.51,24.57
13.669,22.8,24.98
13.723,24.48,27.09
13.769,23.96,24.9
13.818,29.68,26.92
13.857,30.5,28.5
13.904,32.26,30.02
13.938,35.33,31.89
13.977,35.16,37.44
14.029,33.49,34.92
14.071,32.92,31.53
14.109,28.23,31.24
14.151,28.74,25.84
14.189,27.14,23.36
14.237,22.6,18.03
14.275,23.73,17.48
14.314,23.62,22.36
14.347,20.27,25.05
14.39,20.23,29.14
14.439,22.79,34.94
14.482,23.36,32.65
14.518,23.6,29.8
14.557,24.86,27.9
14.589,25.45,26.97
14.633,25.89,26.72
14.676,28.37,27.48
14.721,29.54,27.3
14.761,31.32,24.07
14.798,30.43,20.16
14.845,32.22,19.1
14.905,33.74,20.14
14.935,33.52,19.02
14.988,37.61,21.8
15.029,36.37,20.91
15.062,35.54,18.96
15.127,42.84,22.09
15.166,40.5,21.96
15.21,22.2,19.9
15.255,55.34,30.09
15.291,54.99,126.62
15.343,49.34,137.67
15.38,29.45,23.8
15.42,96.08,125.82
15.478,75.2,134.85
15.521,16.72,13.24
15.562,23.41,14.08
16.191,25.67,22.99
16.236,28.66,23.75
16.275,26.77,23.57
16.314,29.81,22.89
16.361,25.41,21.33
16.397,23.49,21.02
16.438,9.13,3.04
16.489,8.01,7.66
16.541,13.74,8.29
16.58,13.01,6.27
16.624,12.8,7.93
16.663,13.18,8.53
16.699,14.52,10.1
16.738,17.94,12.95
16.784,19.46,13.77
16.833,19.84,15.14
16.884,20.76,15.14
16.925,20.78,15.62
16.977,20.81,15.28
17.008,22.53,14.77
17.046,23.49,15.04
17.09,23.94,15.29
17.13,24.55,15.29
17.172,25.14,15.55
17.221,25.76,15.68
17.264,26.53,17.32
17.299,26.62,17.72
17.34,27.04,18.4
17.381,27.71,18.4
17.444,29.01,20.43
17.491,30.21,20.3
17.538,30.46,20.96
17.581,31.09,21.23
17.636,33.6,22.45
17.687,40.96,26.16
17.74,9.02,4.89
17.781,34.79,22.75
17.827,39.54,25.64
17.859,39.39,25.77
17.907,39.06,28.03
17.942,38.07,27.53
17.984,37.42,27.83
18.022,38.08,28.19
18.053,38.2,28.45
18.096,38.38,29.45
18.147,39.99,32.04
18.189,39.6,32.76
18.25,41.97,41.73
18.291,42.83,45.83
18.33,44.16,46.33
18.38,44.8,47.58
18.439,46.89,48.5
18.489,50.32,48.73
18.536,53.9,50.55
18.563,56.33,51.54
18.63,59.66,52.58
18.661,60.81,53.28
18.706,65.02,54.97
18.757,66.23,56.12
18.805,69.17,61.57
18.843,71.23,67.64
18.898,74.23,77.71
18.942,75.79,81.65
18.988,77.72,83.15
19.028,80.44,83.15
19.064,80.44,84.0
19.101,82.94,84.54
19.146,82.94,84.54
19.199,83.21,86.39
19.253,83.41,87.56
19.302,83.61,89.93
19.353,83.67,90.5
19.396,83.67,91.24
19.449,83.67,91.24
19.495,84.09,90.96
19.538,83.18,90.96
19.574,80.5,87.64
19.623,77.84,83.76
19.67,76.46,78.61
19.713,75.05,76.92
19.751,75.03,65.32
19.8,74.42,62.85
19.845,68.26,53.33
19.898,60.81,45.66
19.94,50.04,42.5
19.983,38.87,28.25
20.018,34.85,23.3
20.087,30.69,17.37
20.118,29.05,16.59
20.161,27.69,16.48
20.201,27.37,17.57
20.255,25.69,16.89
20.299,23.59,16.09
20.342,22.33,16.09
20.384,20.77,15.74
20.446,20.95,15.91
20.479,20.67,15.84
20.517,20.09,15.36
20.554,19.98,15.36
20.594,19.98,16.33
20.65,20.49,16.33
20.689,20.49,16.33
20.72,21.0,16.17
20.765,21.0,15.77
20.805,21.2,16.64
20.858,22.2,16.7
20.901,23.04,17.66
20.936,24.76,18.64
20.967,25.54,19.17
21.007,26.01,19.53
21.049,27.96,19.53
21.089,28.05,20.52
21.126,27.7,20.52
21.163,28.88,21.19
21.214,28.93,21.55
21.254,29.07,21.74
21.292,29.98,23.68
21.343,36.42,27.71
21.384,39.21,29.75
21.432,40.45,32.54
21.472,39.49,34.36
21.518,39.88,34.34
21.564,38.96,35.53
21.606,38.38,35.53
21.655,37.2,35.47
21.702,34.05,34.93
21.738,32.61,33.27
21.775,32.18,33.19
21.823,32.44,32.83
21.903,32.65,32.65
21.945,32.93,32.65
21.977,32.44,31.35
22.031,32.66,30.17
22.065,33.23,32.07
22.102,32.92,32.1
22.149,34.44,34.35
22.18,36.07,35.56
22.245,38.5,37.49
22.277,38.9,37.09
22.322,40.59,38.37
22.365,40.48,38.67
22.406,41.15,38.67
22.455,41.07,38.67
22.496,40.43,39.15
22.536,39.71,37.61
22.597,38.12,37.05
22.656,38.06,36.71
22.692,38.01,36.29
22.738,38.12,36.77
22.781,38.95,36.77
22.814,40.43,36.97
22.856,41.48,36.97
22.9,44.4,40.52
22.946,55.11,47.72
23.008,63.16,53.52
23.043,70.01,59.88
23.082,71.32,62.46
23.119,78.63,69.09
23.16,81.79,74.5
23.22,82.38,75.46
23.268,85.97,76.95
23.324,87.43,78.35
23.368,90.98,78.92
23.417,91.77,81.15
23.456,91.57,80.44
23.514,92.25,80.76
23.558,91.46,79.91
23.602,91.59,79.98
23.642,90.23,79.34
23.702,89.16,77.53
23.743,88.49,76.44
23.784,87.49,75.48
23.832,85.56,73.97
23.871,84.25,71.61
23.92,83.02,71.02
23.966,84.08,70.14
24.008,83.13,69.17
24.042,82.18,68.61
24.084,81.55,68.05
24.126,81.15,67.5
24.176,79.51,67.56
24.215,81.84,68.45
24.262,80.52,67.61
24.314,79.46,67.23
24.353,78.09,66.16
24.39,76.15,65.63
24.424,75.55,65.29
24.475,75.17,65.29
24.522,74.26,64.76
24.569,74.26,64.19
24.615,72.9,64.19
24.651,73.05,63.83
24.681,73.05,63.8
24.725,72.4,64.25
24.762,72.27,63.7
24.802,71.69,63.68
24.832,71.12,63.23
24.87,71.12,63.62
24.906,71.88,63.0
24.962,72.36,62.28
25.002,72.3,61.49
25.065,69.85,59.86
25.128,36.7,36.86
25.181,61.65,52.6
25.23,67.27,55.99
25.268,66.36,56.58
25.3,65.53,55.9
25.352,66.14,55.91
25.391,66.31,56.06
25.443,66.76,56.06
25.48,66.68,56.55
25.522,68.67,57.01
25.567,70.25,57.38
25.606,73.98,62.88
25.64,73.68,63.07
25.676,72.35,63.14
25.721,71.64,62.0
25.757,50.96,61.53
25.8,47.98,45.39
25.843,35.27,40.69
25.883,72.17,60.7
25.924,73.28,60.94
25.97,72.67,59.26
26.015,73.04,58.58
26.047,72.94,59.59
26.08,71.94,60.49
26.129,72.1,60.09
26.17,72.07,62.24
26.214,72.09,62.74
26.256,71.66,62.57
26.295,75.88,67.68
26.334,77.49,68.86
26.373,79.7,75.38
26.419,61.99,69.25
26.463,59.42,72.61
26.506,73.46,63.86
26.545,63.11,65.05
26.577,76.89,67.77
26.612,58.11,72.44
26.662,57.28,75.38
26.706,55.5,78.4
26.735,5.97,75.0
26.77,45.74,56.3
26.816,55.77,21.67
26.861,60.68,44.57
26.912,59.53,77.06
26.956,38.89,64.82
27.626,82.58,65.03
27.676,69.42,81.58
27.707,76.69,64.48
27.757,81.6,70.65
27.803,24.82,40.07
27.844,64.44,77.78
27.888,21.61,33.44
27.93,26.95,39.93
27.978,7.62,52.9
28.03,66.75,77.24
28.071,67.63,79.16
28.127,68.05,79.86
28.182,67.75,80.76
28.238,46.27,60.75
28.28,48.47,70.05
28.321,21.58,55.91
28.366,68.99,75.79
28.402,31.95,26.17
28.444,54.37,4.55
28.499,73.28,71.44
28.539,69.8,77.02
28.592,67.33,65.02
28.628,70.86,65.79
28.66,75.96,67.8
28.717,41.24,47.06
28.761,60.92,59.62
28.818,77.26,67.59
28.851,59.79,26.78
28.886,53.69,4.16
28.93,53.99,6.96
28.973,82.48,62.87
30.699,29.69,13.05
30.743,47.23,113.85
30.789,22.17,143.77
30.835,30.61,165.45
30.872,154.57,169.04
30.942,67.93,136.57
30.99,106.35,158.58
31.023,80.0,172.23
31.061,5.11,164.32
31.102,31.02,124.27
31.141,17.4,4.44
31.201,21.1,0.63
31.235,12.08,21.24
31.268,9.85,28.1
31.309,15.75,37.78
31.362,12.15,6.55
31.409,14.96,21.18
31.457,15.88,17.27
31.502,15.23,16.48
31.547,2.86,20.56
31.651,76.87,78.04
31.696,75.82,76.93
31.725,74.37,77.2
31.76,74.37,76.8
31.805,72.68,76.13
31.845,72.48,77.05
31.891,76.07,73.05
31.938,24.62,25.08
31.972,74.44,81.68
32.027,72.62,80.35
32.066,71.63,78.91
32.109,75.16,78.11
32.143,73.58,81.25
32.183,42.49,32.23
32.22,80.62,86.56
32.262,79.23,82.42
32.298,79.02,80.35
32.328,78.9,81.4
32.387,78.39,81.98
32.427,79.66,82.91
32.465,79.98,82.93
32.5,76.23,90.97
32.551,87.03,91.49
32.597,84.08,89.78
32.633,82.32,85.94
32.667,82.27,79.91
32.748,81.89,82.83
32.779,81.7,83.43
32.816,49.73,41.21
32.852,48.78,85.43
32.892,39.16,77.24
32.925,87.46,85.54
32.955,85.68,82.28
32.987,86.46,79.68
33.029,84.56,81.1
33.064,69.75,42.14
33.105,85.6,80.72
33.156,87.22,84.62
33.201,82.43,80.26
33.249,81.98,80.57
33.293,80.04,79.86
33.344,79.67,77.25
33.39,79.46,76.66
33.441,51.06,79.08
33.493,83.33,113.48
33.536,79.67,62.54
33.578,80.04,96.14
33.634,77.49,84.45
33.664,80.68,80.93
33.701,80.47,78.74
33.991,32.12,37.33
34.109,84.6,104.21
34.161,73.67,94.99
34.216,73.78,92.79
34.259,51.39,17.25
34.304,9.07,65.48
34.347,73.5,77.08
34.391,32.77,64.19
34.434,41.5,66.82
34.468,75.86,78.53
34.509,74.3,76.62
34.541,74.03,74.66
34.582,4.83,20.07
34.669,79.36,70.85
34.713,77.92,70.36
34.751,68.76,77.1
34.791,67.36,76.28
34.836,66.7,76.23
34.871,67.04,75.17
34.941,68.21,75.71
34.975,68.61,75.0
35.011,68.11,74.81
35.048,67.87,73.39
35.085,67.87,72.89
35.126,68.13,72.89
35.172,68.26,72.89
35.216,69.42,72.65
35.255,69.56,73.04
35.417,72.44,90.13
35.45,72.78,86.18
35.479,72.5,83.88
35.513,72.4,83.12
35.564,70.54,80.09
35.615,70.1,77.46
35.661,68.93,74.88
35.696,68.72,75.49
35.745,69.52,73.88
35.789,69.47,73.74
35.826,69.03,74.92
35.925,66.37,89.93
35.972,69.65,88.23
36.024,71.2,84.75
36.064,71.49,81.13
36.102,71.37,78.7
36.154,72.36,79.61
36.195,71.66,77.01
36.231,71.03,76.2
36.28,69.94,75.56
36.328,69.67,75.92
36.368,69.98,76.84
36.412,69.54,76.74
36.468,70.59,76.57
36.504,70.59,79.0
36.546,70.7,78.82
36.593,71.08,78.59
36.648,74.42,80.65
36.691,75.39,76.73
36.726,74.0,76.59
36.764,74.67,78.24
36.823,75.27,79.57
36.866,75.47,79.69
36.91,70.37,77.95
36.958,74.65,78.86
36.995,75.3,74.97
37.035,72.59,74.85
37.079,73.85,77.24
37.127,72.04,78.29
37.165,68.13,73.9
37.206,37.88,64.33
37.239,43.03,57.0
37.275,21.11,55.49
37.322,85.58,70.63
37.369,71.25,17.6
37.404,70.73,59.63
37.449,48.62,40.16
37.503,65.01,8.54
37.54,80.11,70.6
37.581,15.75,66.26
37.624,75.63,84.95
37.672,71.57,82.53
37.716,79.52,77.28
37.745,80.84,60.26
37.789,78.56,55.76
37.83,44.04,39.85
37.882,76.86,78.54
37.92,75.36,72.81
37.976,74.31,74.19
38.013,72.93,75.1
38.057,72.22,87.23
38.108,66.17,75.96
38.137,68.0,73.21
38.175,68.69,71.02
38.22,70.36,43.94
38.264,70.08,77.34
38.319,63.64,61.3
38.365,67.88,66.19
38.399,57.7,56.99
38.438,60.8,56.61
38.482,59.26,55.29
38.536,55.36,54.29
38.584,54.27,53.49
38.631,48.72,46.2
38.685,44.7,39.59
38.73,38.25,28.51
38.765,36.47,25.27
38.811,36.31,21.89
38.849,36.35,21.31
38.892,35.54,20.09
38.943,33.72,20.29
38.995,33.67,19.87
39.04,34.72,21.04
39.081,32.55,20.75
39.13,31.95,20.43
39.183,32.23,22.92
39.219,32.22,26.86
39.263,32.14,26.56
39.31,32.24,31.99
39.342,31.55,32.18
39.391,34.5,26.97
39.432,36.52,23.58
39.484,36.79,23.3
39.532,37.9,28.36
39.576,34.91,30.93
39.623,40.86,28.78
39.659,39.54,26.97
39.696,35.09,27.23
39.746,32.78,26.65
39.789,32.75,22.45
39.838,27.8,22.34
39.885,25.98,22.76
39.929,23.21,22.84
39.987,23.7,22.68
40.037,23.85,22.87
40.098,24.27,23.0
40.14,23.5,21.09
40.181,23.16,20.08
40.213,21.9,22.33
40.264,22.53,22.22
40.297,22.47,21.32
40.34,23.15,21.16
40.378,23.15,20.89
40.423,23.07,20.89
40.479,23.23,21.22
40.517,23.09,21.76
40.569,22.94,21.92
40.61,22.81,21.92
40.642,22.71,22.24
40.696,22.71,22.4
40.746,22.74,22.07
40.786,22.74,22.04
40.832,22.32,21.84
40.888,22.08,21.84
40.935,21.65,22.08
40.967,20.98,21.78
41.006,20.98,22.35
41.051,20.52,22.51
41.101,20.3,22.51
41.15,19.98,23.4
41.197,20.35,23.38
41.241,20.73,23.3
41.293,20.48,24.02
41.351,19.93,28.64
41.402,20.14,30.53
41.445,23.89,30.74
41.493,25.77,32.46
41.548,25.47,33.15
41.602,23.7,32.53
41.644,23.64,32.23
41.682,24.33,35.35
41.715,21.77,36.95
41.78,21.06,34.53
41.816,20.94,33.52
41.859,21.18,32.85
41.899,20.85,32.75
41.946,20.75,32.79
41.993,20.66,31.18
42.042,20.94,30.88
42.084,21.18,29.7
42.132,21.49,28.6
42.188,20.59,29.68
42.232,21.73,30.09
42.273,20.36,30.31
42.312,20.96,30.71
42.355,19.79,30.87
42.396,22.46,31.76
42.441,22.25,31.1
42.491,18.73,29.85
42.53,18.56,25.66
42.565,18.92,25.63
42.605,18.94,23.82
42.641,18.64,23.34
42.674,18.61,24.68
42.714,18.86,25.39
42.749,19.09,26.05
42.789,18.94,26.37
42.821,18.91,26.6
42.863,19.61,26.9
42.905,18.87,27.14
42.957,19.29,27.22
43.003,20.38,27.54
43.045,20.63,27.46
43.101,20.61,27.59
43.14,21.43,27.08
43.189,21.6,26.8
43.23,21.59,26.8
43.261,21.49,26.6
43.31,21.49,26.45
43.354,21.89,26.16
43.414,21.86,25.92
43.453,22.27,25.65
43.53,20.93,25.51
43.575,22.42,26.95
43.615,22.5,27.0
43.661,22.5,27.23
43.705,22.22,26.75
43.756,21.71,27.03
43.799,21.71,28.03
43.839,21.6,27.57
43.884,22.59,28.47
43.922,23.76,28.69
43.971,23.53,28.67
44.011,21.8,20.21
44.066,21.67,20.57
44.113,21.79,20.57
44.149,21.48,20.12
44.193,23.65,19.94
44.243,24.14,18.59
44.275,23.81,17.54
44.32,23.48,16.35
44.362,23.62,17.11
44.415,23.75,17.74
44.453,23.24,17.81
44.489,22.57,18.37
44.528,23.47,18.75
44.568,23.0,19.14
44.599,22.8,19.81
44.634,23.24,19.81
44.689,22.3,22.44
44.739,21.83,25.51
44.775,20.28,26.99
44.816,18.35,26.5
44.861,18.25,22.11
44.903,18.42,21.26
44.943,18.66,20.56
44.99,17.7,20.31
45.03,17.35,20.16
45.068,16.63,20.63
45.107,17.22,19.92
45.158,16.2,18.92
45.195,16.35,18.66
45.239,14.36,18.04
45.272,14.26,17.79
45.307,15.86,17.69
45.354,16.04,17.58
45.391,16.29,17.63
45.431,16.21,17.37
45.467,17.48,16.94
45.499,18.11,16.87
45.553,18.74,16.87
45.587,19.03,17.49
45.643,18.89,17.65
45.688,18.96,18.12
45.727,18.45,18.14
45.771,18.23,18.34
45.811,17.83,17.92
45.849,17.82,17.56
45.886,17.7,17.45
45.938,17.58,17.46
46.0,17.67,17.57
46.042,17.53,18.5
46.096,19.5,17.98
46.147,19.19,17.87
46.177,19.33,17.72
46.215,19.19,18.03
46.255,19.1,20.27
46.298,19.03,20.13
46.362,19.38,20.51
46.412,19.01,20.97
46.451,18.66,21.32
46.501,18.37,21.28
46.558,18.48,21.35
46.598,18.38,21.22
46.63,17.75,21.14
46.667,17.52,21.35
46.708,17.44,21.35
46.741,17.1,21.55
46.773,17.1,20.72
46.81,17.07,20.37
46.855,17.36,20.29
46.89,17.36,20.46
46.933,17.48,20.57
46.966,17.46,20.53
47.019,17.46,21.0
47.065,18.15,21.0
47.113,18.4,20.69
47.155,18.76,23.49
47.211,19.66,24.53
47.258,19.24,23.31
47.295,19.81,23.41
47.348,19.46,23.88
47.398,19.28,24.0
47.44,19.12,22.73
47.474,19.1,22.51
47.513,19.38,22.3
47.543,21.28,22.53
47.587,21.93,22.99
47.636,21.42,25.27
47.676,20.05,25.67
47.712,19.44,25.51
47.75,23.29,21.94
47.784,24.29,21.07
47.822,24.62,21.29
47.856,22.88,21.33
47.889,23.61,20.79
47.93,23.75,20.55
47.974,23.3,20.85
48.016,23.4,23.61
48.064,23.85,21.95
48.12,23.33,21.17
48.166,23.24,21.16
48.199,22.67,20.07
48.228,23.0,23.95
48.26,22.67,23.73
48.291,22.02,23.34
48.326,19.95,20.56
